,activity_id,team_id,type,date,team_name,home_away,rotated_session,data_saved,stats_saved
0,1879,8,official,20200101,anonymous,H,2,1,1
1,1882,127,official,20200101,anonymous,A,2,1,1
2,1888,123,official,20200101,anonymous,H,1,1,1
3,1889,11,official,20200101,anonymous,H,1,1,1
4,1949,123,official,20200101,anonymous,A,1,1,1
5,1947,127,official,20200101,anonymous,H,2,1,1
6,2016,93,official,20200101,anonymous,A,2,1,1
7,1958,11,official,20200101,anonymous,A,1,1,1
8,1961,40,official,20200101,anonymous,H,1,1,1
9,1952,8,official,20200101,anonymous,A,2,1,1
10,2073,11,official,20200101,anonymous,H,1,1,1
11,2071,127,official,20200101,anonymous,H,2,1,1
12,2105,93,official,20200101,anonymous,H,2,1,1
13,2111,40,official,20200101,anonymous,H,1,1,1
14,2104,8,official,20200101,anonymous,A,1,1,1
15,2226,8,official,20200101,anonymous,H,2,1,1
16,2228,11,official,20200101,anonymous,H,1,1,1
17,2233,40,official,20200101,anonymous,A,2,1,1
18,2235,123,official,20200101,anonymous,H,1,1,1
19,2238,127,official,20200101,anonymous,A,1,1,1
20,2253,11,official,20200101,anonymous,A,1,1,1
21,2272,40,official,20200101,anonymous,H,1,1,1
22,2309,123,official,20200101,anonymous,H,1,1,1
23,2308,11,official,20200101,anonymous,H,1,1,1
24,2306,127,official,20200101,anonymous,A,2,1,1
25,2310,8,official,20200101,anonymous,A,1,1,1
26,2405,40,official,20200101,anonymous,H,1,1,1
27,2373,123,official,20200101,anonymous,A,2,1,1
28,2374,40,official,20200101,anonymous,A,1,1,1
29,2372,127,official,20200101,anonymous,H,2,1,1
30,2541,93,official,20200101,anonymous,A,2,1,1
31,2386,11,official,20200101,anonymous,A,2,1,1
32,2384,8,official,20200101,anonymous,A,1,1,1
33,2601,40,official,20200101,anonymous,A,1,1,1
34,2605,127,official,20200101,anonymous,A,1,1,1
35,2585,8,official,20200101,anonymous,H,2,1,1
36,2589,123,official,20200101,anonymous,A,1,1,1
37,2587,11,official,20200101,anonymous,H,1,1,1
38,2616,93,official,20200101,anonymous,H,2,1,1
39,2658,40,official,20200101,anonymous,H,1,1,1
40,2669,123,official,20200101,anonymous,H,1,1,1
41,2725,93,official,20200101,anonymous,H,2,1,1
42,2656,11,official,20200101,anonymous,A,2,1,1
43,2662,127,official,20200101,anonymous,A,2,1,1
44,2657,8,official,20200101,anonymous,H,2,1,1
45,2771,123,official,20200101,anonymous,H,1,1,1
46,2890,93,official,20200101,anonymous,H,0,1,1
47,2753,127,official,20200101,anonymous,H,2,1,1
48,2839,123,official,20200101,anonymous,A,2,1,1
49,2799,40,official,20200101,anonymous,H,1,1,1
50,2795,8,official,20200101,anonymous,A,2,1,1
51,2889,93,official,20200101,anonymous,H,1,1,1
52,2806,11,official,20200101,anonymous,A,2,1,1
53,2809,127,official,20200101,anonymous,H,2,1,1
54,3022,93,official,20200101,anonymous,A,2,1,1
55,2977,11,official,20200101,anonymous,H,1,1,1
56,3001,40,official,20200101,anonymous,A,1,1,1
57,3023,127,official,20200101,anonymous,A,2,1,1
58,3034,123,official,20200101,anonymous,H,1,1,1
59,2995,8,official,20200101,anonymous,H,2,1,1
60,3196,123,official,20200101,anonymous,H,1,1,1
61,3203,127,official,20200101,anonymous,A,2,1,1
62,3172,8,official,20200101,anonymous,A,2,1,1
63,3177,11,official,20200101,anonymous,A,1,1,1
64,3220,40,official,20200101,anonymous,A,2,1,1
65,3447,11,official,20200101,anonymous,A,2,1,1
66,3683,40,official,20200101,anonymous,H,1,1,1
67,3437,127,official,20200101,anonymous,H,2,1,1
68,3456,8,official,20200101,anonymous,A,1,1,1
69,3548,175,official,20200101,anonymous,H,1,1,1
70,3466,92,official,20200101,anonymous,H,1,1,1
71,3523,123,official,20200101,anonymous,H,1,1,1
72,3521,136,official,20200101,anonymous,A,2,1,1
73,3534,11,official,20200101,anonymous,H,1,1,1
74,3543,69,official,20200101,anonymous,A,2,1,1
75,3597,92,official,20200101,anonymous,A,2,1,1
76,3637,40,official,20200101,anonymous,A,2,1,1
77,3567,8,official,20200101,anonymous,H,2,1,1
78,3843,123,official,20200101,anonymous,H,2,1,1
79,3803,136,official,20200101,anonymous,H,1,1,1
80,3926,69,official,20200101,anonymous,A,1,1,1
81,3699,127,official,20200101,anonymous,H,1,1,1
82,3651,8,official,20200101,anonymous,A,2,1,1
83,3833,175,official,20200101,anonymous,A,2,1,1
84,3721,11,official,20200101,anonymous,A,2,1,1
85,3839,92,official,20200101,anonymous,H,1,1,1
86,3748,40,official,20200101,anonymous,H,1,1,1
87,4130,123,official,20200101,anonymous,A,1,1,1
88,4093,175,official,20200101,anonymous,A,1,1,1
89,4101,87,official,20200101,anonymous,H,2,1,1
90,4121,9,official,20200101,anonymous,A,1,1,1
91,4095,69,official,20200101,anonymous,H,2,1,1
92,4106,92,official,20200101,anonymous,A,1,1,1
93,4097,40,official,20200101,anonymous,A,1,1,1
94,4104,153,official,20200101,anonymous,H,2,1,1
95,4100,127,official,20200101,anonymous,H,2,1,1
96,4119,8,official,20200101,anonymous,H,2,1,1
97,4135,136,official,20200101,anonymous,A,1,1,1
98,4115,11,official,20200101,anonymous,H,1,1,1
99,4116,174,official,20200101,anonymous,H,2,1,1
100,4148,165,official,20200101,anonymous,H,2,1,1
101,4312,153,official,20200101,anonymous,A,2,1,1
102,4408,123,official,20200101,anonymous,H,1,1,1
103,4331,175,official,20200101,anonymous,H,1,1,1
104,4334,11,official,20200101,anonymous,H,1,1,1
105,4339,9,official,20200101,anonymous,H,2,1,1
106,4337,69,official,20200101,anonymous,A,1,1,1
107,4393,165,official,20200101,anonymous,H,2,1,1
108,4355,92,official,20200101,anonymous,H,1,1,1
109,4354,40,official,20200101,anonymous,A,2,1,1
110,4436,136,official,20200101,anonymous,H,1,1,1
111,4397,174,official,20200101,anonymous,A,1,1,1
112,4433,152,official,20200101,anonymous,A,2,1,1
113,4371,127,official,20200101,anonymous,H,2,1,1
114,4535,153,official,20200101,anonymous,H,2,1,1
115,4646,123,official,20200101,anonymous,H,1,1,1
116,4557,174,official,20200101,anonymous,A,1,1,1
117,4553,9,official,20200101,anonymous,A,2,1,1
118,4569,152,official,20200101,anonymous,A,2,1,1
119,4585,165,official,20200101,anonymous,H,2,1,1
120,4631,175,official,20200101,anonymous,A,1,1,1
121,4568,11,official,20200101,anonymous,H,1,1,1
122,4567,69,official,20200101,anonymous,H,2,1,1
123,4608,92,official,20200101,anonymous,A,2,1,1
124,4642,40,official,20200101,anonymous,H,1,1,1
125,4576,8,official,20200101,anonymous,A,2,1,1
126,4993,123,official,20200101,anonymous,A,1,1,1
127,4903,87,official,20200101,anonymous,H,2,1,1
128,4892,11,official,20200101,anonymous,H,1,1,1
129,4893,174,official,20200101,anonymous,H,2,1,1
130,4902,9,official,20200101,anonymous,A,1,1,1
131,4898,69,official,20200101,anonymous,A,2,1,1
132,4894,40,official,20200101,anonymous,A,1,1,1
133,4964,152,official,20200101,anonymous,A,1,1,1
134,4936,8,official,20200101,anonymous,H,1,1,1
135,4907,175,official,20200101,anonymous,H,1,1,1
136,4935,92,official,20200101,anonymous,H,1,1,1
137,4920,153,official,20200101,anonymous,H,2,1,1
138,4991,165,official,20200101,anonymous,H,2,1,1
139,4962,136,official,20200101,anonymous,A,1,1,1
140,4959,127,official,20200101,anonymous,H,2,1,1
141,5024,9,official,20200101,anonymous,H,1,1,1
142,5056,11,official,20200101,anonymous,A,2,1,1
143,5060,69,official,20200101,anonymous,H,2,1,1
144,5090,92,official,20200101,anonymous,A,1,1,1
145,5071,40,official,20200101,anonymous,H,1,1,1
146,5066,153,official,20200101,anonymous,A,2,1,1
147,5221,165,official,20200101,anonymous,H,2,1,1
148,5205,175,official,20200101,anonymous,A,1,1,1
149,5179,11,official,20200101,anonymous,A,1,1,1
150,5182,69,official,20200101,anonymous,H,2,1,1
151,5206,40,official,20200101,anonymous,A,2,1,1
152,5175,127,official,20200101,anonymous,H,2,1,1
153,5273,123,official,20200101,anonymous,A,2,1,1
154,5243,136,official,20200101,anonymous,H,1,1,1
155,5207,174,official,20200101,anonymous,A,1,1,1
156,5250,92,official,20200101,anonymous,H,1,1,1
157,5194,153,official,20200101,anonymous,H,1,1,1
158,5246,152,official,20200101,anonymous,H,2,1,1
159,5458,165,official,20200101,anonymous,H,2,1,1
160,5441,136,official,20200101,anonymous,A,1,1,1
161,5419,11,official,20200101,anonymous,H,1,1,1
162,5420,174,official,20200101,anonymous,A,1,1,1
163,5421,9,official,20200101,anonymous,H,1,1,1
164,5422,69,official,20200101,anonymous,H,2,1,1
165,5590,92,official,20200101,anonymous,A,2,1,1
166,5515,40,official,20200101,anonymous,H,1,1,1
167,5448,123,official,20200101,anonymous,H,1,1,1
168,5426,175,official,20200101,anonymous,H,1,1,1
169,5466,87,official,20200101,anonymous,A,1,1,1
170,5428,153,official,20200101,anonymous,A,2,1,1
171,5472,152,official,20200101,anonymous,A,2,1,1
172,5430,127,official,20200101,anonymous,A,1,1,1
173,5435,8,official,20200101,anonymous,H,1,1,1
174,5849,123,official,20200101,anonymous,H,1,1,1
175,5775,175,official,20200101,anonymous,A,1,1,1
176,5844,174,official,20200101,anonymous,H,2,1,1
177,5825,127,official,20200101,anonymous,A,1,1,1
178,5840,165,official,20200101,anonymous,H,2,1,1
179,5780,136,official,20200101,anonymous,A,1,1,1
180,5876,152,official,20200101,anonymous,A,2,1,1
181,5896,87,official,20200101,anonymous,H,2,1,1
182,5875,11,official,20200101,anonymous,A,2,1,1
183,5885,9,official,20200101,anonymous,A,1,1,1
184,5869,69,official,20200101,anonymous,H,2,1,1
185,5877,153,official,20200101,anonymous,H,1,1,1
186,5992,92,official,20200101,anonymous,H,1,1,1
187,5938,40,official,20200101,anonymous,H,2,1,1
188,6131,87,official,20200101,anonymous,A,2,1,1
189,6036,11,official,20200101,anonymous,H,1,1,1
190,6570,123,official,20200101,anonymous,H,1,1,1
191,6082,174,official,20200101,anonymous,A,2,1,1
192,6088,9,official,20200101,anonymous,A,1,1,1
193,6083,43,official,20200101,anonymous,H,1,1,1
194,6158,165,official,20200101,anonymous,A,1,1,1
195,6145,136,official,20200101,anonymous,A,2,1,1
196,6108,175,official,20200101,anonymous,H,1,1,1
197,6130,69,official,20200101,anonymous,H,2,1,1
198,6136,92,official,20200101,anonymous,A,2,1,1
199,6161,40,official,20200101,anonymous,A,2,1,1
200,6152,153,official,20200101,anonymous,A,1,1,1
201,6182,152,official,20200101,anonymous,H,1,1,1
202,6107,127,official,20200101,anonymous,H,2,1,1
203,6458,136,official,20200101,anonymous,H,1,1,1
204,6390,174,official,20200101,anonymous,A,2,1,1
205,6386,9,official,20200101,anonymous,H,1,1,1
206,6446,165,official,20200101,anonymous,H,2,1,1
207,6437,87,official,20200101,anonymous,A,2,1,1
208,6406,11,official,20200101,anonymous,H,1,1,1
209,6459,92,official,20200101,anonymous,A,2,1,1
210,6409,43,official,20200101,anonymous,A,1,1,1
211,6423,40,official,20200101,anonymous,H,1,1,1
212,6759,123,official,20200101,anonymous,H,1,1,1
213,6535,175,official,20200101,anonymous,A,2,1,1
214,6487,152,official,20200101,anonymous,H,1,1,1
215,6433,127,official,20200101,anonymous,A,2,1,1
216,6702,92,official,20200101,anonymous,H,1,1,1
217,6763,123,official,20200101,anonymous,H,1,1,1
218,6671,87,official,20200101,anonymous,H,2,1,1
219,6638,11,official,20200101,anonymous,A,2,1,1
220,6652,9,official,20200101,anonymous,A,1,1,1
221,6632,127,official,20200101,anonymous,H,2,1,1
222,6701,165,official,20200101,anonymous,A,2,1,1
223,6662,40,official,20200101,anonymous,A,1,1,1
224,6736,152,official,20200101,anonymous,H,1,1,1
225,6747,136,official,20200101,anonymous,A,1,1,1
226,6735,175,official,20200101,anonymous,A,2,1,1
227,6687,43,official,20200101,anonymous,H,1,1,1
228,6841,9,official,20200101,anonymous,H,1,1,1
229,6904,123,official,20200101,anonymous,A,2,1,1
230,6859,136,official,20200101,anonymous,H,1,1,1
231,6871,92,official,20200101,anonymous,H,1,1,1
232,6858,43,official,20200101,anonymous,A,2,1,1
233,6889,152,official,20200101,anonymous,H,1,1,1
234,6892,165,official,20200101,anonymous,A,1,1,1
235,6861,11,official,20200101,anonymous,A,2,1,1
236,6872,69,official,20200101,anonymous,A,2,1,1
237,6866,40,official,20200101,anonymous,H,1,1,1
238,6965,175,official,20200101,anonymous,H,1,1,1
239,6888,93,official,20200101,anonymous,A,1,1,1
240,6886,127,official,20200101,anonymous,A,2,1,1
241,7136,165,official,20200101,anonymous,H,2,1,1
242,7125,93,official,20200101,anonymous,A,1,1,1
243,7036,40,official,20200101,anonymous,H,1,1,1
244,7063,152,official,20200101,anonymous,H,2,1,1
245,7583,123,official,20200101,anonymous,H,1,1,1
246,7098,136,official,20200101,anonymous,A,2,1,1
247,7045,175,official,20200101,anonymous,H,1,1,1
248,7046,11,official,20200101,anonymous,H,1,1,1
249,7065,9,official,20200101,anonymous,A,2,1,1
250,7150,69,official,20200101,anonymous,H,2,1,1
251,7048,92,official,20200101,anonymous,A,2,1,1
252,7059,43,official,20200101,anonymous,A,1,1,1
253,7044,127,official,20200101,anonymous,H,2,1,1
254,7419,87,official,20200101,anonymous,H,2,1,1
255,7406,93,official,20200101,anonymous,H,2,1,1
256,7392,9,official,20200101,anonymous,H,1,1,1
257,7422,92,official,20200101,anonymous,H,1,1,1
258,7393,43,official,20200101,anonymous,H,1,1,1
259,7412,40,official,20200101,anonymous,A,1,1,1
260,7398,152,official,20200101,anonymous,A,1,1,1
261,7587,123,official,20200101,anonymous,H,1,1,1
262,7426,165,official,20200101,anonymous,A,2,1,1
263,7414,136,official,20200101,anonymous,H,1,1,1
264,7420,175,official,20200101,anonymous,A,1,1,1
265,7402,11,official,20200101,anonymous,H,1,1,1
266,7403,69,official,20200101,anonymous,H,2,1,1
267,7400,127,official,20200101,anonymous,A,2,1,1
268,7494,93,official,20200101,anonymous,H,2,1,1
269,7527,43,official,20200101,anonymous,A,1,1,1
270,7529,152,official,20200101,anonymous,H,2,1,1
271,7588,123,official,20200101,anonymous,A,2,1,1
272,7533,165,official,20200101,anonymous,H,2,1,1
273,7540,136,official,20200101,anonymous,A,1,1,1
274,7521,175,official,20200101,anonymous,H,1,1,1
275,7523,127,official,20200101,anonymous,A,1,1,1
276,7640,93,official,20200101,anonymous,A,1,1,1
277,7638,11,official,20200101,anonymous,A,2,1,1
278,7669,40,official,20200101,anonymous,H,1,1,1
279,7636,127,official,20200101,anonymous,H,2,1,1
280,7704,123,official,20200101,anonymous,H,1,1,1
281,7742,165,official,20200101,anonymous,H,2,1,1
282,7724,136,official,20200101,anonymous,A,2,1,1
283,7657,87,official,20200101,anonymous,A,1,1,1
284,7649,69,official,20200101,anonymous,H,2,1,1
285,7688,152,official,20200101,anonymous,A,1,1,1
286,7684,175,official,20200101,anonymous,H,1,1,1
287,7713,43,official,20200101,anonymous,A,2,1,1
288,7738,40,official,20200101,anonymous,H,1,1,1
289,7776,87,official,20200101,anonymous,A,2,1,1
290,7753,11,official,20200101,anonymous,H,1,1,1
291,7825,9,official,20200101,anonymous,A,2,1,1
292,7824,69,official,20200101,anonymous,A,1,1,1
293,7780,8,official,20200101,anonymous,A,2,1,1
294,8021,123,official,20200101,anonymous,A,1,1,1
295,7885,175,official,20200101,anonymous,A,1,1,1
296,7960,87,official,20200101,anonymous,H,2,1,1
297,7882,93,official,20200101,anonymous,H,2,1,1
298,7896,92,official,20200101,anonymous,H,1,1,1
299,7884,152,official,20200101,anonymous,A,1,1,1
300,7904,127,official,20200101,anonymous,H,2,1,1
301,7918,8,official,20200101,anonymous,H,1,1,1
302,7931,165,official,20200101,anonymous,A,2,1,1
303,7926,136,official,20200101,anonymous,H,1,1,1
304,7892,11,official,20200101,anonymous,A,1,1,1
305,7897,9,official,20200101,anonymous,H,1,1,1
306,7898,69,official,20200101,anonymous,A,2,1,1
307,7900,43,official,20200101,anonymous,H,1,1,1
308,7941,40,official,20200101,anonymous,A,2,1,1
309,8022,123,official,20200101,anonymous,A,1,1,1
310,8018,175,official,20200101,anonymous,A,1,1,1
311,7986,152,official,20200101,anonymous,H,2,1,1
312,8013,165,official,20200101,anonymous,H,2,1,1
313,8016,136,official,20200101,anonymous,H,1,1,1
314,8011,93,official,20200101,anonymous,A,2,1,1
315,8008,43,official,20200101,anonymous,H,1,1,1
316,8205,127,official,20200101,anonymous,A,2,1,1
317,8034,9,official,20200101,anonymous,H,1,1,1
318,8041,92,official,20200101,anonymous,A,2,1,1
319,8105,165,official,20200101,anonymous,H,2,1,1
320,8162,136,official,20200101,anonymous,A,1,1,1
321,8081,93,official,20200101,anonymous,H,2,1,1
322,8084,43,official,20200101,anonymous,A,1,1,1
323,8142,152,official,20200101,anonymous,A,2,1,1
324,8206,127,official,20200101,anonymous,A,1,1,1
325,8089,175,official,20200101,anonymous,H,1,1,1
326,8141,11,official,20200101,anonymous,A,2,1,1
327,8108,9,official,20200101,anonymous,A,2,1,1
328,8087,69,official,20200101,anonymous,H,2,1,1
329,8088,92,official,20200101,anonymous,A,1,1,1
330,8113,40,official,20200101,anonymous,H,1,1,1
331,8106,8,official,20200101,anonymous,A,2,1,1
332,8599,165,official,20200101,anonymous,A,1,1,1
333,8546,175,official,20200101,anonymous,H,1,1,1
334,8610,93,official,20200101,anonymous,A,2,1,1
335,8557,9,official,20200101,anonymous,A,2,1,1
336,8641,69,official,20200101,anonymous,A,2,1,1
337,8576,43,official,20200101,anonymous,H,1,1,1
338,8568,153,official,20200101,anonymous,H,1,1,1
339,8574,87,official,20200101,anonymous,H,2,1,1
340,8562,11,official,20200101,anonymous,A,2,1,1
341,8617,92,official,20200101,anonymous,H,1,1,1
342,8616,40,official,20200101,anonymous,A,2,1,1
343,8624,152,official,20200101,anonymous,A,1,1,1
344,8565,127,official,20200101,anonymous,H,2,1,1
345,8570,8,official,20200101,anonymous,A,1,1,1
346,8791,165,official,20200101,anonymous,H,2,1,1
347,8814,93,official,20200101,anonymous,A,1,1,1
348,8805,11,official,20200101,anonymous,A,2,1,1
349,8826,92,official,20200101,anonymous,H,1,1,1
350,8792,40,official,20200101,anonymous,H,1,1,1
351,8834,152,official,20200101,anonymous,H,2,1,1
352,8818,8,official,20200101,anonymous,H,1,1,1
353,8829,175,official,20200101,anonymous,A,2,1,1
354,8809,9,official,20200101,anonymous,H,1,1,1
355,8810,69,official,20200101,anonymous,H,2,1,1
356,8813,43,official,20200101,anonymous,A,1,1,1
357,8846,153,official,20200101,anonymous,A,1,1,1
358,8966,165,official,20200101,anonymous,A,1,1,1
359,8937,93,official,20200101,anonymous,H,2,1,1
360,8933,9,official,20200101,anonymous,H,1,1,1
361,8984,69,official,20200101,anonymous,H,2,1,1
362,8929,153,official,20200101,anonymous,A,2,1,1
363,8960,152,official,20200101,anonymous,A,2,1,1
364,8962,175,official,20200101,anonymous,A,1,1,1
365,8965,87,official,20200101,anonymous,H,2,1,1
366,8935,11,official,20200101,anonymous,H,1,1,1
367,9009,92,official,20200101,anonymous,A,1,1,1
368,8970,43,official,20200101,anonymous,A,1,1,1
369,8983,40,official,20200101,anonymous,H,1,1,1
370,8944,8,official,20200101,anonymous,A,2,1,1
371,9078,165,official,20200101,anonymous,H,2,1,1
372,9040,93,official,20200101,anonymous,H,2,1,1
373,9064,152,official,20200101,anonymous,H,2,1,1
374,9281,165,official,20200101,anonymous,H,2,1,1
375,9270,11,official,20200101,anonymous,H,1,1,1
376,9279,92,official,20200101,anonymous,A,2,1,1
377,9285,40,official,20200101,anonymous,A,2,1,1
378,9276,9,official,20200101,anonymous,A,2,1,1
379,9272,69,official,20200101,anonymous,H,2,1,1
380,9341,69,official,20200101,anonymous,H,2,1,1
381,9400,11,official,20200101,anonymous,A,1,1,1
382,9342,40,official,20200101,anonymous,A,2,1,1
383,12888,92,official,20200101,anonymous,H,1,1,1
384,12881,93,official,20200101,anonymous,A,1,1,1
385,12868,86,official,20200101,anonymous,A,1,1,1
386,12871,174,official,20200101,anonymous,H,2,1,1
387,12866,69,official,20200101,anonymous,H,2,1,1
388,12870,91,official,20200101,anonymous,H,1,1,1
389,12910,153,official,20200101,anonymous,A,1,1,1
390,12943,127,official,20200101,anonymous,H,2,1,1
391,12864,8,official,20200101,anonymous,H,2,1,1
392,12895,123,official,20200101,anonymous,A,1,1,1
393,12890,165,official,20200101,anonymous,H,2,1,1
394,12911,136,official,20200101,anonymous,A,2,1,1
395,12887,175,official,20200101,anonymous,H,1,1,1
396,12892,11,official,20200101,anonymous,H,2,1,1
397,13044,123,official,20200101,anonymous,H,1,1,1
398,13050,165,official,20200101,anonymous,A,2,1,1
399,13098,136,official,20200101,anonymous,H,1,1,1
400,13043,86,official,20200101,anonymous,H,1,1,1
401,13081,91,official,20200101,anonymous,A,2,1,1
402,13089,92,official,20200101,anonymous,A,1,1,1
403,13055,127,official,20200101,anonymous,A,2,1,1
404,13073,175,official,20200101,anonymous,A,2,1,1
405,13077,93,official,20200101,anonymous,H,1,1,1
406,13095,11,official,20200101,anonymous,H,2,1,1
407,13100,174,official,20200101,anonymous,A,1,1,1
408,13076,69,official,20200101,anonymous,A,2,1,1
409,13075,153,official,20200101,anonymous,H,1,1,1
410,13078,8,official,20200101,anonymous,A,2,1,1
411,13207,11,official,20200101,anonymous,A,2,1,1
412,13215,123,official,20200101,anonymous,H,1,1,1
413,13214,136,official,20200101,anonymous,A,2,1,1
414,13278,93,official,20200101,anonymous,A,2,1,1
415,13216,86,official,20200101,anonymous,H,1,1,1
416,13213,174,official,20200101,anonymous,A,2,1,1
417,13212,69,official,20200101,anonymous,A,2,1,1
418,13224,91,official,20200101,anonymous,H,1,1,1
419,13229,153,official,20200101,anonymous,A,2,1,1
420,13225,165,official,20200101,anonymous,H,2,1,1
421,13226,175,official,20200101,anonymous,H,1,1,1
422,13253,92,official,20200101,anonymous,H,1,1,1
423,13231,127,official,20200101,anonymous,A,2,1,1
424,13227,8,official,20200101,anonymous,H,1,1,1
425,13312,123,official,20200101,anonymous,A,2,1,1
426,13313,136,official,20200101,anonymous,H,1,1,1
427,13319,93,official,20200101,anonymous,H,1,1,1
428,13352,91,official,20200101,anonymous,A,2,1,1
429,13343,165,official,20200101,anonymous,A,2,1,1
430,13339,175,official,20200101,anonymous,A,2,1,1
431,13349,127,official,20200101,anonymous,H,2,1,1
432,13448,86,official,20200101,anonymous,A,1,1,1
433,13475,165,official,20200101,anonymous,A,2,1,1
434,13484,93,official,20200101,anonymous,A,2,1,1
435,13471,174,official,20200101,anonymous,H,2,1,1
436,13488,92,official,20200101,anonymous,A,2,1,1
437,13479,8,official,20200101,anonymous,A,1,1,1
438,13500,123,official,20200101,anonymous,H,1,1,1
439,13505,136,official,20200101,anonymous,A,1,1,1
440,13503,175,official,20200101,anonymous,H,1,1,1
441,13540,11,official,20200101,anonymous,H,1,1,1
442,13504,69,official,20200101,anonymous,H,2,1,1
443,13541,91,official,20200101,anonymous,A,2,1,1
444,13501,153,official,20200101,anonymous,A,2,1,1
445,13695,69,official,20200101,anonymous,H,2,1,1
446,13732,11,official,20200101,anonymous,H,1,1,1
447,13683,86,official,20200101,anonymous,A,1,1,1
448,13740,92,official,20200101,anonymous,A,2,1,1
449,13681,8,official,20200101,anonymous,A,2,1,1
450,13721,174,official,20200101,anonymous,A,2,1,1
451,13720,153,official,20200101,anonymous,H,1,1,1
452,13944,93,official,20200101,anonymous,A,2,1,1
453,13945,86,official,20200101,anonymous,H,2,1,1
454,13971,69,official,20200101,anonymous,A,2,1,1
455,13952,91,official,20200101,anonymous,H,1,1,1
456,13941,92,official,20200101,anonymous,H,1,1,1
457,13942,153,official,20200101,anonymous,A,2,1,1
458,14007,127,official,20200101,anonymous,A,2,1,1
459,13937,8,official,20200101,anonymous,H,1,1,1
460,13962,165,official,20200101,anonymous,H,2,1,1
461,14002,136,official,20200101,anonymous,H,1,1,1
462,13963,175,official,20200101,anonymous,A,1,1,1
463,13964,11,official,20200101,anonymous,A,1,1,1
464,13961,174,official,20200101,anonymous,H,1,1,1
465,14012,123,official,20200101,anonymous,A,2,1,1
466,14078,92,official,20200101,anonymous,A,2,1,1
467,14039,153,official,20200101,anonymous,H,2,1,1
468,14048,8,official,20200101,anonymous,A,2,1,1
469,14088,11,official,20200101,anonymous,A,2,1,1
470,14082,86,official,20200101,anonymous,H,1,1,1
471,14089,174,official,20200101,anonymous,H,1,1,1
472,14090,69,official,20200101,anonymous,A,2,1,1
473,14197,175,official,20200101,anonymous,H,1,1,1
474,14201,93,official,20200101,anonymous,H,2,1,1
475,14256,11,official,20200101,anonymous,H,1,1,1
476,14296,86,official,20200101,anonymous,A,2,1,1
477,14257,91,official,20200101,anonymous,A,2,1,1
478,14194,153,official,20200101,anonymous,H,1,1,1
479,14212,8,official,20200101,anonymous,A,2,1,1
480,14258,165,official,20200101,anonymous,A,2,1,1
481,14293,136,official,20200101,anonymous,A,2,1,1
482,14247,174,official,20200101,anonymous,A,1,1,1
483,14307,69,official,20200101,anonymous,H,0,1,1
484,14274,92,official,20200101,anonymous,H,2,1,1
485,14249,127,official,20200101,anonymous,H,1,1,1
486,14303,123,official,20200101,anonymous,A,2,1,1
487,14498,174,official,20200101,anonymous,H,1,1,1
488,14538,123,official,20200101,anonymous,H,1,1,1
489,14524,165,official,20200101,anonymous,A,1,1,1
490,14518,175,official,20200101,anonymous,A,2,1,1
491,14534,93,official,20200101,anonymous,H,2,1,1
492,14537,11,official,20200101,anonymous,H,1,1,1
493,14519,69,official,20200101,anonymous,A,2,1,1
494,14522,153,official,20200101,anonymous,A,1,1,1
495,14658,136,official,20200101,anonymous,H,1,1,1
496,14579,86,official,20200101,anonymous,A,1,1,1
497,14561,91,official,20200101,anonymous,H,1,1,1
498,14643,92,official,20200101,anonymous,A,2,1,1
499,14595,127,official,20200101,anonymous,A,2,1,1
500,14572,8,official,20200101,anonymous,H,1,1,1
501,14904,123,official,20200101,anonymous,A,2,1,1
502,14901,11,official,20200101,anonymous,A,2,1,1
503,14853,69,official,20200101,anonymous,A,1,1,1
504,14859,127,official,20200101,anonymous,A,2,1,1
505,14856,8,official,20200101,anonymous,H,2,1,1
506,14889,165,official,20200101,anonymous,H,2,1,1
507,14885,175,official,20200101,anonymous,H,1,1,1
508,14890,86,official,20200101,anonymous,H,1,1,1
509,14899,174,official,20200101,anonymous,H,1,1,1
510,14972,91,official,20200101,anonymous,A,1,1,1
511,14929,92,official,20200101,anonymous,A,2,1,1
512,14888,153,official,20200101,anonymous,H,1,1,1
513,14930,136,official,20200101,anonymous,H,1,1,1
514,14933,93,official,20200101,anonymous,A,2,1,1
515,15193,11,official,20200101,anonymous,A,1,1,1
516,15216,175,official,20200101,anonymous,A,1,1,1
517,15220,86,official,20200101,anonymous,A,2,1,1
518,15213,69,official,20200101,anonymous,H,1,1,1
519,15215,92,official,20200101,anonymous,H,1,1,1
520,15218,153,official,20200101,anonymous,A,2,1,1
521,15217,127,official,20200101,anonymous,H,2,1,1
522,15278,123,official,20200101,anonymous,H,1,1,1
523,15243,165,official,20200101,anonymous,H,2,1,1
524,15262,93,official,20200101,anonymous,A,2,1,1
525,15247,174,official,20200101,anonymous,A,1,1,1
526,15249,8,official,20200101,anonymous,A,1,1,1
527,15601,136,official,20200101,anonymous,A,2,1,1
528,15609,11,official,20200101,anonymous,H,2,1,1
529,15552,86,official,20200101,anonymous,H,1,1,1
530,15545,174,official,20200101,anonymous,A,1,1,1
531,15622,91,official,20200101,anonymous,A,2,1,1
532,15580,165,official,20200101,anonymous,A,2,1,1
533,15569,175,official,20200101,anonymous,H,1,1,1
534,15571,93,official,20200101,anonymous,H,1,1,1
535,15652,92,official,20200101,anonymous,A,1,1,1
536,15576,153,official,20200101,anonymous,A,1,1,1
537,15581,127,official,20200101,anonymous,A,2,1,1
538,15584,8,official,20200101,anonymous,H,1,1,1
539,15626,123,official,20200101,anonymous,H,1,1,1
540,15860,123,official,20200101,anonymous,A,2,1,1
541,15849,165,official,20200101,anonymous,H,2,1,1
542,15884,136,official,20200101,anonymous,H,1,1,1
543,15850,175,official,20200101,anonymous,A,2,1,1
544,15856,86,official,20200101,anonymous,H,1,1,1
545,15868,174,official,20200101,anonymous,H,1,1,1
546,15851,153,official,20200101,anonymous,H,1,1,1
547,15855,127,official,20200101,anonymous,A,1,1,1
548,15865,8,official,20200101,anonymous,A,2,1,1
549,15938,93,official,20200101,anonymous,H,1,1,1
550,15889,11,official,20200101,anonymous,A,2,1,1
551,15879,69,official,20200101,anonymous,A,2,1,1
552,15902,91,official,20200101,anonymous,A,2,1,1
553,15899,92,official,20200101,anonymous,H,1,1,1
554,16171,123,official,20200101,anonymous,A,1,1,1
555,16150,175,official,20200101,anonymous,H,1,1,1
556,16174,93,official,20200101,anonymous,A,2,1,1
557,16185,11,official,20200101,anonymous,A,2,1,1
558,16169,174,official,20200101,anonymous,A,2,1,1
559,16170,69,official,20200101,anonymous,H,1,1,1
560,16181,91,official,20200101,anonymous,H,1,1,1
561,16262,92,official,20200101,anonymous,H,2,1,1
562,16245,153,official,20200101,anonymous,H,1,1,1
563,16166,127,official,20200101,anonymous,H,2,1,1
564,16198,165,official,20200101,anonymous,A,2,1,1
565,16187,136,official,20200101,anonymous,A,1,1,1
566,16196,86,official,20200101,anonymous,A,2,1,1
567,16210,8,official,20200101,anonymous,A,1,1,1
568,16457,11,official,20200101,anonymous,H,1,1,1
569,16474,123,official,20200101,anonymous,H,1,1,1
570,16477,165,official,20200101,anonymous,A,2,1,1
571,16469,93,official,20200101,anonymous,H,1,1,1
572,16473,174,official,20200101,anonymous,A,2,1,1
573,16562,92,official,20200101,anonymous,A,1,1,1
574,16486,8,official,20200101,anonymous,H,1,1,1
575,16563,136,official,20200101,anonymous,H,1,1,1
576,16512,86,official,20200101,anonymous,H,2,1,1
577,16509,69,official,20200101,anonymous,H,2,1,1
578,16514,153,official,20200101,anonymous,A,1,1,1
579,16520,127,official,20200101,anonymous,A,2,1,1
580,16635,91,official,20200101,anonymous,H,1,1,1
581,16810,153,official,20200101,anonymous,H,1,1,1
582,16860,123,official,20200101,anonymous,H,1,1,1
583,16861,165,official,20200101,anonymous,H,2,1,1
584,16934,136,official,20200101,anonymous,A,1,1,1
585,16890,11,official,20200101,anonymous,H,1,1,1
586,16870,86,official,20200101,anonymous,A,2,1,1
587,16980,92,official,20200101,anonymous,A,2,1,1
588,16864,8,official,20200101,anonymous,H,2,1,1
589,16891,175,official,20200101,anonymous,A,2,1,1
590,16894,174,official,20200101,anonymous,H,1,1,1
591,16918,69,official,20200101,anonymous,A,1,1,1
592,16992,91,official,20200101,anonymous,A,2,1,1
593,16900,127,official,20200101,anonymous,H,2,1,1
594,16971,93,official,20200101,anonymous,H,2,1,1
595,17284,136,official,20200101,anonymous,H,1,1,1
596,17255,175,official,20200101,anonymous,H,1,1,1
597,17329,11,official,20200101,anonymous,A,2,1,1
598,17257,174,official,20200101,anonymous,H,1,1,1
599,17256,69,official,20200101,anonymous,H,2,1,1
600,17353,123,official,20200101,anonymous,A,2,1,1
601,17386,86,official,20200101,anonymous,A,2,1,1
602,17313,91,official,20200101,anonymous,H,1,1,1
603,17393,92,official,20200101,anonymous,H,1,1,1
604,17306,153,official,20200101,anonymous,H,1,1,1
605,17304,127,official,20200101,anonymous,H,2,1,1
606,17309,8,official,20200101,anonymous,A,2,1,1
607,17361,165,official,20200101,anonymous,H,2,1,1
608,17375,93,official,20200101,anonymous,A,1,1,1
609,17529,136,official,20200101,anonymous,A,2,1,1
610,17509,91,official,20200101,anonymous,H,1,1,1
611,17649,165,official,20200101,anonymous,A,2,1,1
612,17684,86,official,20200101,anonymous,H,2,1,1
613,17635,69,official,20200101,anonymous,A,1,1,1
614,17698,91,official,20200101,anonymous,H,1,1,1
615,17652,127,official,20200101,anonymous,A,2,1,1
616,17669,123,official,20200101,anonymous,H,1,1,1
617,17739,136,official,20200101,anonymous,H,1,1,1
618,17659,175,official,20200101,anonymous,A,2,1,1
619,17676,93,official,20200101,anonymous,A,2,1,1
620,17692,11,official,20200101,anonymous,A,1,1,1
621,17672,174,official,20200101,anonymous,A,1,1,1
622,17740,92,official,20200101,anonymous,H,1,1,1
623,17681,153,official,20200101,anonymous,A,2,1,1
624,17662,8,official,20200101,anonymous,H,2,1,1
625,17945,86,official,20200101,anonymous,H,2,1,1
626,18001,123,official,20200101,anonymous,A,2,1,1
627,17985,175,official,20200101,anonymous,H,1,1,1
628,18115,11,official,20200101,anonymous,H,1,1,1
629,18083,91,official,20200101,anonymous,A,2,1,1
630,18086,92,official,20200101,anonymous,A,2,1,1
631,17979,153,official,20200101,anonymous,H,1,1,1
632,18040,165,official,20200101,anonymous,H,2,1,1
633,18145,136,official,20200101,anonymous,A,1,1,1
634,18045,93,official,20200101,anonymous,H,2,1,1
635,18047,174,official,20200101,anonymous,A,1,1,1
636,18052,69,official,20200101,anonymous,A,2,1,1
637,18049,127,official,20200101,anonymous,H,2,1,1
638,18057,8,official,20200101,anonymous,H,2,1,1
639,18404,175,official,20200101,anonymous,A,1,1,1
640,18434,86,official,20200101,anonymous,H,2,1,1
641,18405,174,official,20200101,anonymous,H,1,1,1
642,18421,92,official,20200101,anonymous,A,2,1,1
643,18414,153,official,20200101,anonymous,A,1,1,1
644,18422,8,official,20200101,anonymous,H,2,1,1
645,18452,123,official,20200101,anonymous,H,1,1,1
646,18450,165,official,20200101,anonymous,A,2,1,1
647,18451,93,official,20200101,anonymous,A,2,1,1
648,18462,11,official,20200101,anonymous,H,1,1,1
649,18455,69,official,20200101,anonymous,A,1,1,1
650,18512,91,official,20200101,anonymous,H,1,1,1
651,18508,136,official,20200101,anonymous,H,1,1,1
652,18499,127,official,20200101,anonymous,H,2,1,1
653,18605,86,official,20200101,anonymous,A,2,1,1
654,18542,174,official,20200101,anonymous,H,1,1,1
655,18630,92,official,20200101,anonymous,H,1,1,1
656,18567,8,official,20200101,anonymous,A,2,1,1
657,18627,11,official,20200101,anonymous,A,1,1,1
658,18626,69,official,20200101,anonymous,H,2,1,1
659,18617,153,official,20200101,anonymous,A,1,1,1
660,18832,123,official,20200101,anonymous,A,2,1,1
661,18808,165,official,20200101,anonymous,H,2,1,1
662,18930,136,official,20200101,anonymous,H,1,1,1
663,18807,93,official,20200101,anonymous,H,2,1,1
664,18874,91,official,20200101,anonymous,A,2,1,1
665,18881,11,official,20200101,anonymous,H,1,1,1
666,18931,86,official,20200101,anonymous,A,2,1,1
667,18850,174,official,20200101,anonymous,A,2,1,1
668,18854,69,official,20200101,anonymous,H,2,1,1
669,18873,92,official,20200101,anonymous,H,1,1,1
670,18849,153,official,20200101,anonymous,H,1,1,1
671,18860,8,official,20200101,anonymous,H,1,1,1
672,18896,175,official,20200101,anonymous,H,1,1,1
673,18909,127,official,20200101,anonymous,A,2,1,1
674,19222,165,official,20200101,anonymous,H,2,1,1
675,19350,136,official,20200101,anonymous,A,1,1,1
676,19284,11,official,20200101,anonymous,A,2,1,1
677,19233,127,official,20200101,anonymous,H,2,1,1
678,19265,123,official,20200101,anonymous,H,1,1,1
679,19268,175,official,20200101,anonymous,H,2,1,1
680,19277,93,official,20200101,anonymous,A,2,1,1
681,19359,86,official,20200101,anonymous,H,2,1,1
682,19278,174,official,20200101,anonymous,A,2,1,1
683,19266,69,official,20200101,anonymous,A,2,1,1
684,19361,92,official,20200101,anonymous,A,1,1,1
685,19257,153,official,20200101,anonymous,H,1,1,1
686,19282,8,official,20200101,anonymous,A,1,1,1
687,19500,86,official,20200101,anonymous,A,1,1,1
688,19492,8,official,20200101,anonymous,H,2,1,1
689,19523,123,official,20200101,anonymous,H,1,1,1
690,19522,165,official,20200101,anonymous,A,2,1,1
691,19601,136,official,20200101,anonymous,H,1,1,1
692,19512,174,official,20200101,anonymous,H,1,1,1
693,19573,91,official,20200101,anonymous,H,1,1,1
694,19524,92,official,20200101,anonymous,H,1,1,1
695,19520,127,official,20200101,anonymous,A,2,1,1
696,19544,175,official,20200101,anonymous,H,1,1,1
697,19548,93,official,20200101,anonymous,A,2,1,1
698,19680,11,official,20200101,anonymous,H,1,1,1
699,19566,69,official,20200101,anonymous,H,2,1,1
700,19549,153,official,20200101,anonymous,A,2,1,1
701,19902,165,official,20200101,anonymous,H,2,1,1
702,19895,93,official,20200101,anonymous,H,1,1,1
703,19901,127,official,20200101,anonymous,H,2,1,1
704,20025,123,official,20200101,anonymous,A,2,1,1
705,20035,136,official,20200101,anonymous,A,1,1,1
706,19929,175,official,20200101,anonymous,H,2,1,1
707,20335,69,official,20200101,anonymous,A,2,1,1
708,20349,165,official,20200101,anonymous,H,2,1,1
709,20355,93,official,20200101,anonymous,H,2,1,1
710,20532,11,official,20200101,anonymous,A,2,1,1
711,20605,86,official,20200101,anonymous,H,2,1,1
712,20454,91,official,20200101,anonymous,A,2,1,1
713,20364,153,official,20200101,anonymous,H,1,1,1
714,20425,123,official,20200101,anonymous,A,2,1,1
715,20420,175,official,20200101,anonymous,H,1,1,1
716,20424,174,official,20200101,anonymous,A,2,1,1
717,20529,92,official,20200101,anonymous,H,1,1,1
718,20416,127,official,20200101,anonymous,H,2,1,1
719,20438,8,official,20200101,anonymous,A,2,1,1
720,20831,153,official,20200101,anonymous,A,2,1,1
721,20875,165,official,20200101,anonymous,A,2,1,1
722,20862,175,official,20200101,anonymous,H,1,1,1
723,20939,93,official,20200101,anonymous,A,2,1,1
724,20995,11,official,20200101,anonymous,H,1,1,1
725,20881,69,official,20200101,anonymous,H,2,1,1
726,20889,91,official,20200101,anonymous,H,1,1,1
727,20888,127,official,20200101,anonymous,A,2,1,1
728,20894,123,official,20200101,anonymous,H,1,1,1
729,20979,86,official,20200101,anonymous,A,2,1,1
730,20891,174,official,20200101,anonymous,H,1,1,1
731,20981,92,official,20200101,anonymous,A,1,1,1
732,20915,8,official,20200101,anonymous,H,2,1,1
733,21294,175,official,20200101,anonymous,A,2,1,1
734,21313,153,official,20200101,anonymous,H,1,1,1
735,21285,127,official,20200101,anonymous,H,2,1,1
736,21378,123,official,20200101,anonymous,A,2,1,1
737,21355,174,official,20200101,anonymous,A,1,1,1
738,21453,91,official,20200101,anonymous,H,1,1,1
739,21406,92,official,20200101,anonymous,H,1,1,1
740,21384,8,official,20200101,anonymous,H,2,1,1
741,21695,123,official,20200101,anonymous,H,1,1,1
742,21689,165,official,20200101,anonymous,H,2,1,1
743,21688,175,official,20200101,anonymous,H,1,1,1
744,21704,127,official,20200101,anonymous,A,1,1,1
745,22216,165,official,20200101,anonymous,H,1,1,1
746,22213,93,official,20200101,anonymous,H,2,1,1
747,22419,93,official,20200101,anonymous,A,2,1,1
748,22664,93,official,20200101,anonymous,A,2,1,1
749,22875,127,official,20200101,anonymous,H,2,1,1
